{"id":159944,"p_name":"\u667a\u80fd\u9a91\u884c\u5bfc\u822a\u5934\u76d4","goods_id":52,"scene_id":1,"module_id":6,"p_language":"cn","create_time":1719368972,"updata_time":null,"label":"9F8B_270C8","from_tag":0,"_ver_list":[{"id":527905,"p_id":159944,"version":"20240626001","plan_id":1,"signal":"{\"number\":\"1\",\"field\":\"far\",\"denoise\":\"0\",\"ace\":\"\"}","wakeup":"{\"wakeupSensitive\":\"high\",\"wakeupWord\":[{\"word\":\"\u4f60\u597d\u5c0f\u667a\",\"tips\":\"\",\"piny\":\"ni3 hao3 xiao3 zhi4\",\"score\":\"\",\"evaluate\":\"\"}],\"wakeReply\":[\"\u6211\u5728\",\"\u4f60\u8bf4\",\"\u6709\u4ec0\u4e48\u53ef\u4ee5\u5e2e\u5230\u4f60\"]}","cmd":"{\"cmdSensitivity\":\"high\",\"cmdWord\":[{\"num\":\"1\",\"tips\":\"\",\"wordTips\":\"\",\"action\":\"TurnOn\",\"trigger\":[\"cmd\"],\"word\":\"\u6253\u5f00\u5bfc\u822a\",\"reply\":\"\u5df2\u4e3a\u60a8\u6253\u5f00\",\"isCMD\":true,\"replyTips\":\"\"},{\"num\":\"2\",\"tips\":\"\",\"wordTips\":\"\",\"action\":\"TurnOff\",\"trigger\":[\"cmd\"],\"word\":\"\u5173\u95ed\u5bfc\u822a\",\"reply\":\"\u5df2\u4e3a\u60a8\u5173\u95ed\",\"isCMD\":true,\"replyTips\":\"\"}],\"cmdReply\":[],\"cmdWrong\":{\"word\":\"\",\"wordTips\":\"\"}}","acoustic_mode":null,"custom_voice":"{\"voiceType\":\"speaker\",\"speaker\":{\"id\":3,\"name\":\"\u7cd6\u7cd6\",\"name_pinyin\":\"tangtang\",\"i_img\":\"https:\/\/images.smartpi.cn\/img\/informant_img3.png\",\"i_type\":\"\u6d3b\u6cfc\u5973\u751f\",\"origin\":1,\"lang\":0},\"volume\":50,\"speed\":50,\"brightness\":50}","other_config":"{\"welcome\":\"none\",\"text\":\"\",\"exitTime\":8,\"timeExitReply\":[\"\u6709\u9700\u8981\u518d\u53eb\u6211\"],\"exitCmd\":[\"\u9000\u4e0b\"],\"exitReply\":[\"\u6709\u9700\u8981\u518d\u53eb\u6211\"]}","action_config":"[{\"action\":\"wakeup_uni\",\"word\":\"\u4f60\u597d\u5c0f\u667a\",\"trigger_items\":[],\"ctrl_items\":[]},{\"action\":\"TurnOn\",\"word\":\"\u6253\u5f00\u5bfc\u822a\",\"trigger_items\":[],\"ctrl_items\":[]},{\"action\":\"TurnOff\",\"word\":\"\u5173\u95ed\u5bfc\u822a\",\"trigger_items\":[],\"ctrl_items\":[]}]","pin_config":"[{\"pin\":1,\"function\":\"SW_CLK\",\"params\":{\"def_voltage\":\"low\",\"baud_rate\":9600,\"data_bits\":8,\"stop_bits\":1,\"parity_bits\":\"none\",\"frequency\":2000,\"reverse_voltage\":\"disable\",\"mode\":\"out\",\"adc_range\":100,\"pulse_range\":100,\"frequency_soft\":100,\"reverse_voltage_soft\":\"disable\",\"default_function\":\"\"},\"memory\":\"0\"},{\"pin\":2,\"function\":\"SW_D\",\"params\":{\"def_voltage\":\"low\",\"frequency\":2000,\"reverse_voltage\":\"disable\",\"mode\":\"out\",\"pulse_range\":100,\"frequency_soft\":100,\"reverse_voltage_soft\":\"disable\",\"rx_mode\":\"0\",\"rx_head\":\"AA 55\",\"rx_foot\":\"55 AA\",\"default_function\":\"\"},\"memory\":\"0\"},{\"pin\":\"3\",\"function\":\"GPIO_A25\",\"params\":{\"def_voltage\":\"low\",\"mode\":\"out\",\"adc_range\":100,\"pulse_range\":100,\"frequency_soft\":100,\"reverse_voltage_soft\":\"disable\",\"default_function\":\"\"},\"memory\":\"0\"},{\"pin\":\"4\",\"function\":\"GPIO_A26\",\"params\":{\"def_voltage\":\"low\",\"mode\":\"out\",\"adc_range\":100,\"pulse_range\":100,\"frequency_soft\":100,\"reverse_voltage_soft\":\"disable\",\"default_function\":\"\"},\"memory\":\"0\"},{\"pin\":\"5\",\"function\":\"GPIO_A27\",\"params\":{\"def_voltage\":\"low\",\"frequency\":2000,\"reverse_voltage\":\"disable\",\"mode\":\"out\",\"adc_range\":100,\"pulse_range\":100,\"frequency_soft\":100,\"reverse_voltage_soft\":\"disable\",\"default_function\":\"\"},\"memory\":\"0\"},{\"pin\":\"6\",\"function\":\"GPIO_A28\",\"params\":{\"def_voltage\":\"low\",\"frequency\":2000,\"reverse_voltage\":\"disable\",\"mode\":\"out\",\"pulse_range\":100,\"frequency_soft\":100,\"reverse_voltage_soft\":\"disable\",\"default_function\":\"\"},\"memory\":\"0\"},{\"pin\":\"7\",\"function\":\"UART1_RX\",\"params\":{\"def_voltage\":\"low\",\"mode\":\"out\",\"pulse_range\":100,\"frequency_soft\":100,\"reverse_voltage_soft\":\"disable\",\"rx_mode\":\"0\",\"rx_head\":\"AA 55\",\"rx_foot\":\"55 AA\",\"default_function\":\"\"},\"memory\":\"0\"},{\"pin\":\"8\",\"function\":\"UART1_TX\",\"params\":{\"def_voltage\":\"low\",\"baud_rate\":115200,\"data_bits\":8,\"stop_bits\":1,\"parity_bits\":\"none\",\"mode\":\"out\",\"pulse_range\":100,\"frequency_soft\":100,\"reverse_voltage_soft\":\"disable\",\"default_function\":\"\"},\"memory\":\"0\"},{\"pin\":\"9\",\"function\":\"DEFAULT_LOG\",\"params\":{\"def_voltage\":\"low\",\"frequency\":2000,\"reverse_voltage\":\"disable\",\"mode\":\"out\",\"pulse_range\":100,\"frequency_soft\":100,\"reverse_voltage_soft\":\"disable\",\"default_function\":\"\"},\"memory\":\"0\"},{\"pin\":\"21\",\"function\":\"GPIO_B2\",\"params\":{\"def_voltage\":\"low\",\"baud_rate\":9600,\"data_bits\":8,\"stop_bits\":1,\"parity_bits\":\"none\",\"frequency\":2000,\"reverse_voltage\":\"disable\",\"mode\":\"out\",\"pulse_range\":100,\"frequency_soft\":100,\"reverse_voltage_soft\":\"disable\",\"default_function\":\"\"},\"memory\":\"0\"},{\"pin\":\"22\",\"function\":\"GPIO_B3\",\"params\":{\"def_voltage\":\"low\",\"frequency\":2000,\"reverse_voltage\":\"disable\",\"mode\":\"out\",\"pulse_range\":100,\"frequency_soft\":100,\"reverse_voltage_soft\":\"disable\",\"rx_mode\":\"0\",\"rx_head\":\"AA 55\",\"rx_foot\":\"55 AA\",\"default_function\":\"\"},\"memory\":\"0\"}]","create_time":1719368972,"status":1,"appkey":null,"secret":null,"create_sdk_time":null,"sign":null,"download_url":null,"down_file":null,"version_describe":"","optimize_config":"[]","var_config":"[]","study_config":"{\"open\":\"0\",\"success_count\":\"3\",\"fail_count\":\"5\",\"one_mode\":\"1\",\"actions\":[{\"action\":\"startStudy\",\"word\":\"\u5f00\u59cb\u5b66\u4e60\",\"replys\":[{\"reply\":\"\u5f00\u59cb\u5b66\u4e60\u5524\u9192\u8bcd\uff0c\u8bf7\u5728\u5b89\u9759\u73af\u5883\u4e0b\u8bf4\u8bdd\"},{\"reply\":\"\u5df2\u6709\u5b66\u4e60\u6570\u636e\uff0c\u8bf7\u8bf4\u91cd\u7f6e\u5b66\u4e60\u8fdb\u884c\u91cd\u7f6e\"},{\"reply\":\"\u5b66\u4e60\u6210\u529f\u8bf7\u518d\u8bf4\u4e00\u6b21\"},{\"reply\":\"\u5b66\u4e60\u5931\u8d25\uff0c\u8bf7\u91cd\u8bd5\u4e00\u6b21\"},{\"reply\":\"\u5b66\u4e60\u5b8c\u6210\"},{\"reply\":\"\u5b66\u4e60\u4e2d\u6b62\uff0c\u5df2\u9000\u51fa\"}]},{\"action\":\"clearStudy\",\"word\":\"\u91cd\u7f6e\u5b66\u4e60\",\"replys\":[{\"reply\":\"\u5b66\u4e60\u6570\u636e\u5df2\u91cd\u7f6e\"}]},{\"action\":\"clearStuCmd\",\"word\":\"\u6e05\u9664\u5b66\u4e60\u547d\u4ee4\u8bcd\",\"replys\":[{\"reply\":\"\u547d\u4ee4\u8bcd\u5b66\u4e60\u6570\u636e\u5df2\u6e05\u9664\"}]},{\"action\":\"clearStuWakeup\",\"word\":\"\u6e05\u9664\u5b66\u4e60\u5524\u9192\u8bcd\",\"replys\":[{\"reply\":\"\u5524\u9192\u8bcd\u5b66\u4e60\u6570\u636e\u5df2\u6e05\u9664\"}]},{\"action\":\"startStuWakeup\",\"word\":\"\u5f00\u59cb\u5b66\u4e60\u5524\u9192\u8bcd\",\"replys\":[]},{\"action\":\"startStuCmd\",\"word\":\"\u5f00\u59cb\u5b66\u4e60\u547d\u4ee4\u8bcd\",\"replys\":[]}]}","audio_config":"[]","base_id":null,"help_config":"{\"open\":\"1\",\"actions\":[{\"word\":\"\u8bed\u97f3\u5bfc\u822a|\u5e2e\u52a9|\u600e\u4e48\u7528|\u4e0d\u4f1a\u7528\",\"head\":\"\u4f60\u597d\uff0c\u5f88\u9ad8\u5174\u4e3a\u4f60\u670d\u52a1\uff0c\u6211\u80fd\u542c\u61c2\u4e0b\u9762\u6307\u4ee4\uff0c\",\"cmds\":[],\"foot\":\"\u611f\u8c22\u4f60\u7684\u652f\u6301\"}]}","ext_config":"{\"timers\":[],\"ir_tags\":[]}","pin_config_ext":"","mode":1,"fail_reason":"","comm_config":""},{"id":527923,"p_id":159944,"version":"20240626002","plan_id":1,"signal":"{\"number\":\"1\",\"field\":\"far\",\"denoise\":\"0\",\"ace\":\"\"}","wakeup":"{\"wakeupSensitive\":\"middle\",\"wakeupWord\":[{\"word\":\"\u4f60\u597d\u5c0f\u667a\",\"tips\":\"\",\"piny\":\"ni3 hao3 xiao3 zhi4\",\"score\":\"\",\"evaluate\":\"\"}],\"wakeReply\":[\"\u6211\u5728\",\"\u4f60\u8bf4\",\"\u6709\u4ec0\u4e48\u53ef\u4ee5\u5e2e\u5230\u4f60\"]}","cmd":"{\"cmdSensitivity\":\"middle\",\"cmdWord\":[{\"num\":\"1\",\"tips\":\"\",\"wordTips\":\"\",\"action\":\"TurnOn\",\"trigger\":[\"cmd\"],\"word\":\"\u6253\u5f00\u5bfc\u822a\",\"reply\":\"\u5df2\u4e3a\u60a8\u6253\u5f00\",\"isCMD\":true,\"replyTips\":\"\"},{\"num\":\"2\",\"tips\":\"\",\"wordTips\":\"\",\"action\":\"TurnOff\",\"trigger\":[\"cmd\"],\"word\":\"\u5173\u95ed\u5bfc\u822a\",\"reply\":\"\u5df2\u4e3a\u60a8\u5173\u95ed\",\"isCMD\":true,\"replyTips\":\"\"},{\"trigger\":[\"cmd\"],\"isCMD\":true,\"word\":\"\u6253\u5f00\u6d4b\u8ddd\",\"wordTips\":\"\",\"reply\":\"\u5df2\u5f00\",\"replyTips\":\"\",\"action\":\"TurnOnce\",\"tips\":\"\"},{\"trigger\":[\"cmd\"],\"isCMD\":true,\"word\":\"\u5173\u95ed\u6d4b\u8ddd\",\"wordTips\":\"\",\"reply\":\"\u5df2\u5173\",\"replyTips\":\"\",\"action\":\"TurnOffce\",\"tips\":\"\"}],\"cmdReply\":[\"\u6253\u5f00\u5bfc\u822a\",\"\u5173\u95ed\u5bfc\u822a\",\"\u6253\u5f00\u6d4b\u8ddd\",\"\u5173\u95ed\u6d4b\u8ddd\"],\"cmdWrong\":{\"word\":\"\",\"wordTips\":\"\"}}","acoustic_mode":null,"custom_voice":"{\"voiceType\":\"speaker\",\"speaker\":{\"id\":4,\"name\":\"KiYo\",\"name_pinyin\":\"kiyo\",\"i_img\":\"https:\/\/images.smartpi.cn\/img\/informant_img4.png\",\"i_type\":\"\u53ef\u7231\u5973\u751f\",\"origin\":1,\"lang\":0},\"volume\":50,\"speed\":50,\"brightness\":50}","other_config":"{\"welcome\":\"none\",\"text\":\"\",\"exitTime\":10,\"timeExitReply\":[\"\u6709\u9700\u8981\u518d\u53eb\u6211\"],\"exitCmd\":[\"\u9000\u4e0b\"],\"exitReply\":[\"\u6709\u9700\u8981\u518d\u53eb\u6211\"]}","action_config":"[{\"action\":\"wakeup_uni\",\"word\":\"\u4f60\u597d\u5c0f\u667a\",\"trigger_items\":[],\"ctrl_items\":[]},{\"action\":\"TurnOn\",\"word\":\"\u6253\u5f00\u5bfc\u822a\",\"trigger_items\":[],\"ctrl_items\":[]},{\"action\":\"TurnOff\",\"word\":\"\u5173\u95ed\u5bfc\u822a\",\"trigger_items\":[],\"ctrl_items\":[]},{\"action\":\"TurnOnce\",\"word\":\"\u6253\u5f00\u6d4b\u8ddd\",\"trigger_items\":[],\"ctrl_items\":[]},{\"action\":\"TurnOffce\",\"word\":\"\u5173\u95ed\u6d4b\u8ddd\",\"trigger_items\":[],\"ctrl_items\":[]}]","pin_config":"[{\"pin\":1,\"function\":\"SW_CLK\",\"params\":{\"def_voltage\":\"low\",\"baud_rate\":9600,\"data_bits\":8,\"stop_bits\":1,\"parity_bits\":\"none\",\"frequency\":2000,\"reverse_voltage\":\"disable\",\"mode\":\"out\",\"adc_range\":100,\"pulse_range\":100,\"frequency_soft\":100,\"reverse_voltage_soft\":\"disable\",\"default_function\":\"\"},\"memory\":\"0\"},{\"pin\":2,\"function\":\"SW_D\",\"params\":{\"def_voltage\":\"low\",\"frequency\":2000,\"reverse_voltage\":\"disable\",\"mode\":\"out\",\"pulse_range\":100,\"frequency_soft\":100,\"reverse_voltage_soft\":\"disable\",\"rx_mode\":\"0\",\"rx_head\":\"AA 55\",\"rx_foot\":\"55 AA\",\"default_function\":\"\"},\"memory\":\"0\"},{\"pin\":\"3\",\"function\":\"GPIO_A25\",\"params\":{\"def_voltage\":\"low\",\"mode\":\"out\",\"adc_range\":100,\"pulse_range\":100,\"frequency_soft\":100,\"reverse_voltage_soft\":\"disable\",\"default_function\":\"\"},\"memory\":\"0\"},{\"pin\":\"4\",\"function\":\"GPIO_A26\",\"params\":{\"def_voltage\":\"low\",\"mode\":\"out\",\"adc_range\":100,\"pulse_range\":100,\"frequency_soft\":100,\"reverse_voltage_soft\":\"disable\",\"default_function\":\"\"},\"memory\":\"0\"},{\"pin\":\"5\",\"function\":\"GPIO_A27\",\"params\":{\"def_voltage\":\"low\",\"frequency\":2000,\"reverse_voltage\":\"disable\",\"mode\":\"out\",\"adc_range\":100,\"pulse_range\":100,\"frequency_soft\":100,\"reverse_voltage_soft\":\"disable\",\"default_function\":\"\"},\"memory\":\"0\"},{\"pin\":\"6\",\"function\":\"GPIO_A28\",\"params\":{\"def_voltage\":\"low\",\"frequency\":2000,\"reverse_voltage\":\"disable\",\"mode\":\"out\",\"pulse_range\":100,\"frequency_soft\":100,\"reverse_voltage_soft\":\"disable\",\"default_function\":\"\"},\"memory\":\"0\"},{\"pin\":\"7\",\"function\":\"UART1_RX\",\"params\":{\"def_voltage\":\"low\",\"mode\":\"out\",\"pulse_range\":100,\"frequency_soft\":100,\"reverse_voltage_soft\":\"disable\",\"rx_mode\":\"0\",\"rx_head\":\"AA 55\",\"rx_foot\":\"55 AA\",\"default_function\":\"\"},\"memory\":\"0\"},{\"pin\":\"8\",\"function\":\"UART1_TX\",\"params\":{\"def_voltage\":\"low\",\"baud_rate\":115200,\"data_bits\":8,\"stop_bits\":1,\"parity_bits\":\"none\",\"mode\":\"out\",\"pulse_range\":100,\"frequency_soft\":100,\"reverse_voltage_soft\":\"disable\",\"default_function\":\"\"},\"memory\":\"0\"},{\"pin\":\"9\",\"function\":\"DEFAULT_LOG\",\"params\":{\"def_voltage\":\"low\",\"frequency\":2000,\"reverse_voltage\":\"disable\",\"mode\":\"out\",\"pulse_range\":100,\"frequency_soft\":100,\"reverse_voltage_soft\":\"disable\",\"default_function\":\"\"},\"memory\":\"0\"},{\"pin\":\"21\",\"function\":\"GPIO_B2\",\"params\":{\"def_voltage\":\"low\",\"baud_rate\":9600,\"data_bits\":8,\"stop_bits\":1,\"parity_bits\":\"none\",\"frequency\":2000,\"reverse_voltage\":\"disable\",\"mode\":\"out\",\"pulse_range\":100,\"frequency_soft\":100,\"reverse_voltage_soft\":\"disable\",\"default_function\":\"\"},\"memory\":\"0\"},{\"pin\":\"22\",\"function\":\"GPIO_B3\",\"params\":{\"def_voltage\":\"low\",\"frequency\":2000,\"reverse_voltage\":\"disable\",\"mode\":\"out\",\"pulse_range\":100,\"frequency_soft\":100,\"reverse_voltage_soft\":\"disable\",\"rx_mode\":\"0\",\"rx_head\":\"AA 55\",\"rx_foot\":\"55 AA\",\"default_function\":\"\"},\"memory\":\"0\"}]","create_time":1719370225,"status":2,"appkey":"r7lesseo6lk572dukmovgdnrncnlyebnya7zugqh","secret":"31ad65d369caf2884a25a7ba63e9d5cd","create_sdk_time":1719370868,"sign":"D69D9064472069A7A19ED1CA523A222D4E0608ACF60359C685E9B62662D58B99","download_url":"https:\/\/unios-sdk.oss-cn-beijing.aliyuncs.com\/sdk\/r7lesseo6lk572dukmovgdnrncnlyebnya7zugqh\/rtt_hb_m_online\/uni_hb_m_solution-165882-20240626.tar.gz","down_file":null,"version_describe":"","optimize_config":"[]","var_config":"[]","study_config":"{\"open\":\"0\",\"success_count\":\"3\",\"fail_count\":\"5\",\"one_mode\":\"1\",\"actions\":[{\"action\":\"startStudy\",\"word\":\"\u5f00\u59cb\u5b66\u4e60\",\"replys\":[{\"reply\":\"\u5f00\u59cb\u5b66\u4e60\u5524\u9192\u8bcd\uff0c\u8bf7\u5728\u5b89\u9759\u73af\u5883\u4e0b\u8bf4\u8bdd\"},{\"reply\":\"\u5df2\u6709\u5b66\u4e60\u6570\u636e\uff0c\u8bf7\u8bf4\u91cd\u7f6e\u5b66\u4e60\u8fdb\u884c\u91cd\u7f6e\"},{\"reply\":\"\u5b66\u4e60\u6210\u529f\u8bf7\u518d\u8bf4\u4e00\u6b21\"},{\"reply\":\"\u5b66\u4e60\u5931\u8d25\uff0c\u8bf7\u91cd\u8bd5\u4e00\u6b21\"},{\"reply\":\"\u5b66\u4e60\u5b8c\u6210\"},{\"reply\":\"\u5b66\u4e60\u4e2d\u6b62\uff0c\u5df2\u9000\u51fa\"}]},{\"action\":\"clearStudy\",\"word\":\"\u91cd\u7f6e\u5b66\u4e60\",\"replys\":[{\"reply\":\"\u5b66\u4e60\u6570\u636e\u5df2\u91cd\u7f6e\"}]},{\"action\":\"clearStuCmd\",\"word\":\"\u6e05\u9664\u5b66\u4e60\u547d\u4ee4\u8bcd\",\"replys\":[{\"reply\":\"\u547d\u4ee4\u8bcd\u5b66\u4e60\u6570\u636e\u5df2\u6e05\u9664\"}]},{\"action\":\"clearStuWakeup\",\"word\":\"\u6e05\u9664\u5b66\u4e60\u5524\u9192\u8bcd\",\"replys\":[{\"reply\":\"\u5524\u9192\u8bcd\u5b66\u4e60\u6570\u636e\u5df2\u6e05\u9664\"}]},{\"action\":\"startStuWakeup\",\"word\":\"\u5f00\u59cb\u5b66\u4e60\u5524\u9192\u8bcd\",\"replys\":[]},{\"action\":\"startStuCmd\",\"word\":\"\u5f00\u59cb\u5b66\u4e60\u547d\u4ee4\u8bcd\",\"replys\":[]}]}","audio_config":"[]","base_id":null,"help_config":"\"\"","ext_config":"{\"timers\":[],\"ir_tags\":[]}","pin_config_ext":"","mode":1,"fail_reason":"","comm_config":""}],"_export_product_":true,"_module_name_":"SU-03T","_p_system_":"yzs1"}